{
  "version": 2,
  "name": "jaivic-bharat",
  "public": true,
  "builds": [
    {
      "src": "*.html",
      "use": "@vercel/static"
    },
    {
      "src": "css/*.css",
      "use": "@vercel/static"
    },
    {
      "src": "js/*.js",
      "use": "@vercel/static"
    },
    {
      "src": "images/*",
      "use": "@vercel/static"
    },
    {
      "src": "*.ico",
      "use": "@vercel/static"
    }
  ],
  "routes": [
    {
      "src": "/(.*\\.(css|js|ico|jpg|jpeg|png|gif|svg|pdf))",
      "headers": {
        "Cache-Control": "public, max-age=31536000, immutable"
      }
    },
    {
      "src": "/(.*)",
      "headers": {
        "Cache-Control": "public, max-age=0, must-revalidate"
      }
    },
    {
      "src": "/",
      "dest": "/index.html"
    },
    {
      "src": "/about",
      "dest": "/about.html"
    },
    {
      "src": "/principles",
      "dest": "/founding-principles.html"
    },
    {
      "src": "/programs",
      "dest": "/programs.html"
    },
    {
      "src": "/stakeholders",
      "dest": "/stakeholders.html"
    },
    {
      "src": "/media",
      "dest": "/media.html"
    },
    {
      "src": "/join",
      "dest": "/join.html"
    }
  ],
  "rewrites": [
    {
      "source": "/",
      "destination": "/index.html"
    }
  ],
  "env": {
    "SITE_NAME": "Jaivic Bharat",
    "SITE_DESCRIPTION": "Nature-Aligned Living Platform"
  },
  "cleanUrls": true,
  "trailingSlash": false
}